Tổng số lượng BC cảnh báo,"Logic: 
- %GTC của 7 ngày gần nhất
- HN và HCM lấy full hàng mới và hàng tồn
- Các tỉnh khác lấy hàng mới ca 1 + tồn

- Nếu HCM và HN < 50% => Cảnh báo
- Nếu các tỉnh khác < 45% => Cảnh báo
- Nếu %GTC < 70% Mốc %GTC tốt nhất trong lịch sử => Cảnh báo",,,,,,,,,,,,,,,,,,,,,,,,,,,,,
14,,,,,,,,,,,,,,,,,,,,,,,,,,,,,,
,,,,,,,,,,,,,,,,,,,,,,,,,,,,,,
,,,,,,,9/29/2026,,9/28/2026,,26/09/2026,,,,29/09/2026,,,,,,,,Thời gian cập nhật 01/10/2026 07:00:25,,,,,,,
Vùng,Tỉnh,ID Bưu cục,Tên Bưu cục,%GTC_TB 7 ngày (1),%GTC_tốt nhất (6 tháng gần nhất. Số tính theo tuần) (2),%Tỷ trọng (1)/(2),%GTC_N-1,VolGTC_N-1,%GTC_N-2,VolGTC_N-2,%GTC_N-3,VolGTC_N-3,Tỷ trọng vol cần giao / toàn quốc ngày N-1,VolGTC_TB 7 ngày,"Tổng Vol cần giao
(3) + (4)","Vol_Tồn
(3)","Vol_Mới
(4)",Cảnh báo,Số ngày nằm trong danh sách cảnh báo - 3 tháng gần nhất,Số ngày dự kiến clear hàng,Số lượng nhân sự có gán đơn giao N-1,Điều tiết hàng (Giới hạn hàng về bưu cục),Backlog tồn đọng,%Backlog tồn đọng đã gán,Backlog >5 ngày,%FD_N-1 (ALL KH),%OntimeSLA_N-1 (TTS),%OPR_N-1 (TTS),%VolGTC <24h_N-1 (TTS),Volume tạo mới_N-1 (ALL KH)
NTB,Lâm Đồng,22389000,(LDO) Đức Trọng 1,24.72%,60.42%,40.91%,32.30%,23900.00%,29.93%,240,0.2904608789,271,0,219,740,501,239,Cảnh báo GTC < 45%,83,3,,,623,0.00%,57,,,96.00%,,
NTB,Lâm Đồng,21537000,(LDO) Lâm Viên - Đà Lạt 2,25.04%,71.47%,35.03%,43.80%,70300.00%,35.00%,716,0.1842706904,403,0,486,1605,1257,348,Cảnh báo GTC < 45%,77,3,,,655,0.00%,66,,,40.83%,,
NTB,Lâm Đồng,21377000,(LDO) Đơn Dương,30.60%,65.83%,46.48%,23.20%,24500.00%,39.17%,526,0.2462068966,357,0,449,1056,703,353,Cảnh báo GTC < 45%,47,2,,,822,0.00%,110,,,0.00%,,
NTB,Đắk Nông,22394000,(DNO) Quảng Tín,30.61%,59.86%,51.14%,40.64%,23000.00%,31.53%,216,0.3174807198,247,0,221,566,401,165,Cảnh báo GTC < 45%,91,3,,,233,0.00%,32,,,,,
NTB,Lâm Đồng,22051000,(LDO) Lang Biang - Đà Lạt 1,32.90%,48.04%,68.49%,31.51%,20200.00%,42.66%,317,0.3486005089,274,0,279,641,352,289,Cảnh báo GTC < 45%,86,2,,,561,0.00%,13,,,75.00%,,
NTB,Đắk Nông,20269000,(DNO) Kiến Đức,33.82%,63.28%,53.44%,30.03%,19400.00%,32.63%,264,0.298013245,270,0,304,646,486,160,Cảnh báo GTC < 45%,91,2,,,377,0.00%,113,,,31.03%,,
NTB,Lâm Đồng,22425000,(LDO) Tân Hà Lâm Hà,34.05%,50.12%,67.94%,34.85%,28300.00%,28.94%,292,0.3585237258,408,0,310,812,723,89,Cảnh báo GTC < 45%,69,3,,,600,0.00%,116,,,0.00%,,
NTB,Lâm Đồng,21687000,(LDO) Lang Biang - Đà Lạt 2,35.00%,73.45%,47.65%,31.51%,61800.00%,31.88%,700,0.329594478,764,0,759,1961,1651,310,Cảnh báo GTC < 45%,8,3,,,1234,0.00%,207,,,80.69%,,
NTB,Đắk Nông,22086000,(DNO) Trường Xuân,38.50%,65.75%,58.55%,53.24%,27900.00%,48.68%,295,0.3925373134,263,0,234,524,274,250,Cảnh báo GTC < 45%,10,2,,,206,0.00%,20,,,,,
NTB,Lâm Đồng,23189000,(LDO) D'Ran,40.78%,50.71%,80.42%,45.23%,10900.00%,54.83%,176,0.5122615804,188,0,119,241,118,123,Cảnh báo GTC < 45%,8,2,,,158,0.00%,0,,,,,
NTB,Đắk Nông,20590000,(DNO) Tuy Đức,42.36%,64.66%,65.52%,46.39%,12200.00%,60.15%,234,0.4447115385,185,0,217,263,172,91,Cảnh báo GTC < 45%,36,1,,,117,0.00%,2,,,,,
NTB,Lâm Đồng,20942000,(LDO) Di Linh,42.96%,58.86%,72.99%,42.18%,45300.00%,55.27%,870,0.3915929204,708,0,714,1074,619,455,Cảnh báo GTC < 45%,29,2,,,632,0.00%,63,,,,,
NTB,Đắk Nông,22048000,(DNO) Đông Gia Nghĩa,44.80%,54.89%,81.63%,41.07%,16100.00%,56.77%,369,0.3310696095,195,0,232,392,222,170,Cảnh báo GTC < 45%,12,2,,,578,0.00%,18,,,84.47%,,
NTB,Khánh Hòa,21479000,(KHO) Bắc Cam Ranh,44.95%,67.58%,66.52%,33.78%,25300.00%,33.69%,252,0.3834134615,319,0,409,749,578,171,Cảnh báo GTC < 45%,33,2,,,537,0.00%,56,,,,,